cell_id,Cardinalis cardinalis,Cardinalis cardinalis [cardinalis Group],Cardinalis cardinalis carneus
840e497ffffffff,3.0,0.0,0.0
840e4dbffffffff,2.0,0.0,0.0
840ec95ffffffff,3.0,0.0,0.0
840ecc1ffffffff,4.0,0.0,0.0
84124adffffffff,2.0,0.0,0.0
8412537ffffffff,13.0,0.0,0.0
84125dbffffffff,2.0,0.0,0.0
84125e5ffffffff,1.0,0.0,0.0
8412ddbffffffff,51.0,0.0,0.0
8412ecdffffffff,33.0,0.0,0.0
841aa01ffffffff,2.0,0.0,0.0
841aa21ffffffff,3.0,0.0,0.0
841aa47ffffffff,1.0,0.0,0.0
841aa6bffffffff,2.0,0.0,0.0
841b9a9ffffffff,8.0,0.0,0.0
8426039ffffffff,2.0,2.0,0.0
8426055ffffffff,1.0,0.0,0.0
8426085ffffffff,2.0,2.0,0.0
8426099ffffffff,1.0,0.0,0.0
84260a1ffffffff,20.0,20.0,0.0
84260a9ffffffff,3.0,2.0,0.0
84260adffffffff,2.0,2.0,0.0
84260b9ffffffff,5.0,4.0,0.0
84260ebffffffff,2.0,1.0,0.0
8426161ffffffff,2.0,0.0,0.0
8426165ffffffff,12.0,0.0,0.0
842618bffffffff,1.0,1.0,0.0
8426191ffffffff,6.0,6.0,0.0
8426195ffffffff,2.0,2.0,0.0
8426199ffffffff,21.0,21.0,0.0
842619dffffffff,3.0,3.0,0.0
84261adffffffff,2.0,2.0,0.0
84261b9ffffffff,4.0,4.0,0.0
84261d3ffffffff,6.0,6.0,0.0
8426261ffffffff,6.0,0.0,0.0
8426263ffffffff,4.0,0.0,0.0
842626dffffffff,2.0,0.0,0.0
8426289ffffffff,3.0,3.0,0.0
842629bffffffff,2.0,0.0,0.0
84262cdffffffff,4.0,0.0,0.0
8426369ffffffff,4.0,0.0,0.0
8426405ffffffff,3.0,0.0,0.0
8426409ffffffff,2.0,0.0,0.0
842640dffffffff,8.0,0.0,0.0
8426417ffffffff,2.0,0.0,0.0
8426429ffffffff,1.0,0.0,0.0
842642bffffffff,1.0,0.0,0.0
842642dffffffff,1.0,0.0,0.0
8426439ffffffff,1.0,0.0,0.0
8426443ffffffff,4.0,0.0,0.0
8426461ffffffff,4.0,0.0,0.0
8426463ffffffff,30.0,1.0,0.0
8426465ffffffff,1.0,0.0,0.0
8426467ffffffff,2.0,0.0,0.0
842646bffffffff,6.0,0.0,0.0
8426481ffffffff,1.0,1.0,0.0
8426483ffffffff,5.0,5.0,0.0
8426487ffffffff,1.0,0.0,0.0
8426489ffffffff,4.0,0.0,0.0
842648bffffffff,2.0,0.0,0.0
842648dffffffff,4.0,4.0,0.0
8426493ffffffff,9.0,0.0,0.0
842649dffffffff,10.0,9.0,0.0
84264a7ffffffff,9.0,0.0,0.0
84264abffffffff,2.0,2.0,0.0
84264adffffffff,3.0,3.0,0.0
84264b9ffffffff,5.0,3.0,0.0
84264c3ffffffff,6.0,2.0,0.0
84264c7ffffffff,31.0,30.0,0.0
84264d1ffffffff,9.0,9.0,0.0
84264d5ffffffff,3.0,3.0,0.0
84264d9ffffffff,6.0,4.0,0.0
84264dbffffffff,2.0,2.0,0.0
84264ddffffffff,2.0,0.0,0.0
84264e1ffffffff,7.0,0.0,0.0
84264e5ffffffff,13.0,9.0,0.0
84264e7ffffffff,3.0,3.0,0.0
84264edffffffff,1.0,0.0,0.0
8426517ffffffff,2.0,0.0,0.0
842651bffffffff,1.0,0.0,0.0
842651dffffffff,1.0,0.0,0.0
8426521ffffffff,1.0,0.0,0.0
8426533ffffffff,1.0,0.0,0.0
842653bffffffff,3.0,0.0,0.0
8426541ffffffff,1.0,0.0,0.0
8426551ffffffff,1.0,0.0,0.0
8426555ffffffff,10.0,0.0,0.0
8426557ffffffff,2.0,0.0,0.0
8426563ffffffff,2.0,0.0,0.0
8426565ffffffff,6.0,2.0,0.0
8426567ffffffff,14.0,0.0,0.0
842656dffffffff,1.0,0.0,0.0
8426599ffffffff,3.0,1.0,0.0
842659bffffffff,11.0,3.0,0.0
84265a3ffffffff,2.0,0.0,0.0
84265d3ffffffff,2.0,2.0,0.0
84265d5ffffffff,2.0,0.0,0.0
84265d9ffffffff,1.0,0.0,0.0
84265dbffffffff,8.0,8.0,0.0
842662dffffffff,1.0,0.0,0.0
8426645ffffffff,3.0,0.0,0.0
8426649ffffffff,9.0,0.0,0.0
842664dffffffff,2.0,2.0,0.0
8426669ffffffff,1.0,0.0,0.0
842669bffffffff,10.0,0.0,0.0
84266a9ffffffff,1.0,0.0,0.0
84266bbffffffff,1.0,0.0,0.0
84266e1ffffffff,1.0,0.0,0.0
8426717ffffffff,2.0,0.0,0.0
8426723ffffffff,3.0,3.0,0.0
8426765ffffffff,2.0,0.0,0.0
842681bffffffff,29.0,0.0,0.0
8426853ffffffff,16.0,0.0,0.0
8426859ffffffff,3.0,0.0,0.0
8426881ffffffff,2.0,0.0,0.0
8426891ffffffff,4.0,0.0,0.0
8426893ffffffff,2.0,0.0,0.0
8426899ffffffff,3.0,0.0,0.0
842689dffffffff,16.0,0.0,0.0
84268c7ffffffff,4.0,0.0,0.0
84268cdffffffff,17.0,0.0,0.0
84268d3ffffffff,2.0,0.0,0.0
84268d5ffffffff,2.0,0.0,0.0
8426995ffffffff,6.0,0.0,0.0
8426a13ffffffff,2.0,0.0,0.0
8426a17ffffffff,10.0,0.0,0.0
8426a19ffffffff,2.0,0.0,0.0
8426a8bffffffff,8.0,0.0,0.0
8426a95ffffffff,2.0,0.0,0.0
8426a97ffffffff,1.0,0.0,0.0
8426aabffffffff,42.0,1.0,0.0
8426aadffffffff,17.0,0.0,0.0
8426c49ffffffff,2.0,0.0,0.0
8426c5bffffffff,2.0,0.0,0.0
8426c9dffffffff,1.0,0.0,0.0
8426ccbffffffff,1.0,0.0,0.0
8426d15ffffffff,2.0,0.0,0.0
8426d2dffffffff,4.0,0.0,0.0
8426d35ffffffff,2.0,0.0,0.0
8426d45ffffffff,7.0,0.0,0.0
8426d67ffffffff,12.0,0.0,0.0
8426d9dffffffff,2.0,2.0,0.0
8426de7ffffffff,3.0,0.0,0.0
8426e21ffffffff,6.0,0.0,0.0
8426e2bffffffff,1.0,0.0,0.0
8426e2dffffffff,3.0,0.0,0.0
8426e43ffffffff,2.0,0.0,0.0
8426e57ffffffff,1.0,0.0,0.0
8426e5bffffffff,44.0,0.0,0.0
8426eb9ffffffff,2.0,0.0,0.0
8426ec9ffffffff,3.0,0.0,0.0
8426ecdffffffff,2.0,0.0,0.0
8426ed3ffffffff,5.0,0.0,0.0
8426eddffffffff,4.0,0.0,0.0
8426f0dffffffff,2.0,0.0,0.0
8426f13ffffffff,1.0,0.0,0.0
8426f25ffffffff,68.0,0.0,0.0
8426f27ffffffff,1.0,0.0,0.0
8426f2bffffffff,3.0,0.0,0.0
8426f2dffffffff,2.0,0.0,0.0
8426f6dffffffff,2.0,0.0,0.0
8427097ffffffff,2.0,0.0,0.0
84270d3ffffffff,2.0,0.0,0.0
84270e1ffffffff,6.0,0.0,0.0
842719dffffffff,2.0,0.0,0.0
84271abffffffff,1.0,0.0,0.0
84271c9ffffffff,38.0,1.0,0.0
8427405ffffffff,2.0,0.0,0.0
8427409ffffffff,4.0,0.0,0.0
8427411ffffffff,16.0,0.0,0.0
8427417ffffffff,2.0,0.0,0.0
8427419ffffffff,33.0,0.0,0.0
842741bffffffff,15.0,0.0,0.0
842741dffffffff,3.0,0.0,0.0
8427423ffffffff,2.0,0.0,0.0
8427445ffffffff,3.0,0.0,0.0
842745bffffffff,5.0,0.0,0.0
8427481ffffffff,87.0,0.0,0.0
8427483ffffffff,3.0,0.0,0.0
8427485ffffffff,38.0,0.0,0.0
8427487ffffffff,28.0,0.0,0.0
8427489ffffffff,8.0,0.0,0.0
842748bffffffff,19.0,0.0,0.0
842748dffffffff,965.0,0.0,0.0
8427491ffffffff,15.0,0.0,0.0
8427499ffffffff,225.0,0.0,0.0
842749bffffffff,14.0,0.0,0.0
842749dffffffff,44.0,2.0,0.0
84274a3ffffffff,5.0,0.0,0.0
84274abffffffff,77.0,0.0,0.0
84274b1ffffffff,3.0,0.0,0.0
84274b5ffffffff,97.0,0.0,0.0
84274bdffffffff,14.0,0.0,0.0
84274c1ffffffff,20.0,0.0,0.0
84274c5ffffffff,2.0,0.0,0.0
84274c7ffffffff,4.0,0.0,0.0
84274c9ffffffff,5.0,0.0,0.0
84274cbffffffff,42.0,0.0,0.0
84274cdffffffff,1.0,0.0,0.0
84274d1ffffffff,13.0,0.0,0.0
84274d3ffffffff,92.0,0.0,0.0
84274d5ffffffff,26.0,0.0,0.0
84274d7ffffffff,69.0,0.0,0.0
84274d9ffffffff,17.0,0.0,0.0
84274dbffffffff,114.0,0.0,0.0
84274ddffffffff,15.0,0.0,0.0
84274e1ffffffff,3.0,0.0,0.0
84274e3ffffffff,94.0,0.0,0.0
84274edffffffff,1.0,0.0,0.0
8427513ffffffff,1.0,1.0,0.0
8427517ffffffff,2.0,0.0,0.0
8427521ffffffff,1.0,0.0,0.0
8427541ffffffff,4.0,0.0,0.0
8427569ffffffff,3.0,0.0,0.0
8427581ffffffff,4.0,0.0,0.0
8427583ffffffff,15.0,0.0,0.0
8427587ffffffff,19.0,0.0,0.0
842758bffffffff,5.0,0.0,0.0
8427593ffffffff,10.0,1.0,0.0
8427595ffffffff,1.0,0.0,0.0
8427597ffffffff,1.0,0.0,0.0
8427599ffffffff,2.0,0.0,0.0
842759dffffffff,12.0,0.0,0.0
84275a1ffffffff,1.0,0.0,0.0
84275a9ffffffff,3.0,0.0,0.0
84275c3ffffffff,2.0,0.0,0.0
84275cdffffffff,2.0,0.0,0.0
84275d7ffffffff,10.0,0.0,0.0
8427631ffffffff,6.0,0.0,0.0
842763bffffffff,3.0,2.0,0.0
8427665ffffffff,2.0,0.0,0.0
8427693ffffffff,2.0,2.0,0.0
8427699ffffffff,13.0,13.0,0.0
842769bffffffff,4.0,4.0,0.0
84276a5ffffffff,2.0,0.0,0.0
84276a7ffffffff,4.0,0.0,0.0
84276b1ffffffff,3.0,0.0,0.0
84276b5ffffffff,4.0,0.0,0.0
84276b7ffffffff,40.0,0.0,0.0
84276bbffffffff,9.0,0.0,0.0
84276bdffffffff,5.0,0.0,0.0
84276c9ffffffff,2.0,0.0,0.0
84276d1ffffffff,32.0,32.0,0.0
84276d3ffffffff,33.0,33.0,0.0
84276d5ffffffff,8.0,8.0,0.0
84276d7ffffffff,210.0,210.0,0.0
84276e5ffffffff,5.0,0.0,0.0
8427701ffffffff,2.0,0.0,0.0
842770dffffffff,12.0,0.0,0.0
8427711ffffffff,5.0,0.0,0.0
8427715ffffffff,3.0,0.0,0.0
842771dffffffff,46.0,0.0,0.0
8427729ffffffff,2.0,0.0,0.0
842773bffffffff,2.0,0.0,0.0
842774bffffffff,2.0,0.0,0.0
842775dffffffff,7.0,0.0,0.0
84278c9ffffffff,1.0,0.0,0.0
8427ab7ffffffff,2.0,0.0,0.0
84289b1ffffffff,2.0,0.0,0.0
8429841ffffffff,1.0,0.0,0.0
8429a0bffffffff,2.0,0.0,0.0
8429a43ffffffff,3.0,0.0,0.0
8429a47ffffffff,2.0,0.0,0.0
8429a4dffffffff,6.0,0.0,0.0
8429a55ffffffff,4.0,0.0,0.0
8429a57ffffffff,2.0,0.0,0.0
8429b01ffffffff,13.0,0.0,0.0
8429b03ffffffff,2.0,0.0,0.0
8429b09ffffffff,83.0,0.0,0.0
8429b0bffffffff,6.0,0.0,0.0
8429b0dffffffff,24.0,0.0,0.0
8429b41ffffffff,2.0,0.0,0.0
8429b55ffffffff,12.0,0.0,0.0
8429b65ffffffff,2.0,0.0,0.0
8429b6bffffffff,2.0,0.0,0.0
842a065ffffffff,1.0,0.0,0.0
842a101ffffffff,61.0,4.0,0.0
842a103ffffffff,8.0,3.0,0.0
842a105ffffffff,6.0,0.0,0.0
842a107ffffffff,6.0,2.0,0.0
842a109ffffffff,52.0,30.0,0.0
842a10bffffffff,6.0,0.0,0.0
842a10dffffffff,36.0,0.0,0.0
842a121ffffffff,4.0,0.0,0.0
842a123ffffffff,4604.0,0.0,0.0
842a125ffffffff,2.0,0.0,0.0
842a127ffffffff,878.0,0.0,0.0
842a12bffffffff,78.0,9.0,0.0
842a133ffffffff,1.0,1.0,0.0
842a135ffffffff,7495.0,0.0,0.0
842a137ffffffff,2.0,0.0,0.0
842a13dffffffff,391.0,15.0,0.0
842a141ffffffff,6.0,6.0,0.0
842a143ffffffff,8.0,8.0,0.0
842a145ffffffff,19.0,1.0,0.0
842a147ffffffff,3.0,0.0,0.0
842a149ffffffff,3.0,3.0,0.0
842a14bffffffff,3.0,3.0,0.0
842a14dffffffff,2.0,0.0,0.0
842a151ffffffff,3.0,0.0,0.0
842a157ffffffff,2.0,0.0,0.0
842a159ffffffff,9.0,0.0,0.0
842a15dffffffff,13.0,11.0,0.0
842a161ffffffff,2.0,0.0,0.0
842a163ffffffff,24.0,0.0,0.0
842a169ffffffff,23.0,0.0,0.0
842a16bffffffff,9.0,0.0,0.0
842a301ffffffff,4.0,0.0,0.0
842a303ffffffff,7.0,0.0,0.0
842a305ffffffff,9.0,0.0,0.0
842a307ffffffff,21.0,2.0,0.0
842a30dffffffff,15.0,0.0,0.0
842a311ffffffff,29.0,0.0,0.0
842a313ffffffff,19.0,0.0,0.0
842a315ffffffff,17.0,0.0,0.0
842a317ffffffff,65.0,0.0,0.0
842a31dffffffff,2.0,0.0,0.0
842a321ffffffff,1.0,1.0,0.0
842a323ffffffff,2.0,0.0,0.0
842a327ffffffff,8.0,0.0,0.0
842a329ffffffff,7.0,0.0,0.0
842a32dffffffff,14.0,0.0,0.0
842a333ffffffff,1.0,0.0,0.0
842a335ffffffff,5.0,2.0,0.0
842a339ffffffff,8.0,0.0,0.0
842a33bffffffff,9.0,0.0,0.0
842a33dffffffff,2.0,0.0,0.0
842a341ffffffff,2.0,2.0,0.0
842a345ffffffff,1.0,1.0,0.0
842a347ffffffff,5.0,0.0,0.0
842a349ffffffff,28.0,0.0,0.0
842a34dffffffff,6.0,0.0,0.0
842a361ffffffff,2.0,0.0,0.0
842a363ffffffff,8.0,0.0,0.0
842a365ffffffff,12.0,4.0,0.0
842a369ffffffff,1.0,0.0,0.0
842a80bffffffff,9.0,9.0,0.0
842a819ffffffff,4.0,4.0,0.0
842a81dffffffff,3.0,0.0,0.0
842a845ffffffff,3.0,0.0,0.0
842a859ffffffff,2.0,0.0,0.0
842a85bffffffff,3.0,0.0,0.0
842a887ffffffff,2.0,2.0,0.0
842a897ffffffff,2.0,0.0,0.0
842a89dffffffff,3.0,0.0,0.0
842a8b1ffffffff,2.0,0.0,0.0
842a8c9ffffffff,2.0,0.0,0.0
842a905ffffffff,1.0,0.0,0.0
842a91dffffffff,1.0,0.0,0.0
842a949ffffffff,2.0,0.0,0.0
842a94dffffffff,2.0,0.0,0.0
842a955ffffffff,2.0,0.0,0.0
842a9cdffffffff,2.0,0.0,0.0
842aa09ffffffff,1.0,0.0,0.0
842aa11ffffffff,1.0,0.0,0.0
842aa13ffffffff,8.0,0.0,0.0
842aa17ffffffff,7.0,0.0,0.0
842aa1dffffffff,4.0,0.0,0.0
842aa25ffffffff,22.0,0.0,0.0
842aa27ffffffff,4.0,0.0,0.0
842aa31ffffffff,3.0,0.0,0.0
842aa45ffffffff,3.0,0.0,0.0
842aa49ffffffff,2.0,0.0,0.0
842aa4bffffffff,3.0,2.0,0.0
842aa4dffffffff,4.0,0.0,0.0
842aa57ffffffff,1.0,0.0,0.0
842aa63ffffffff,10.0,10.0,0.0
842aa67ffffffff,6.0,6.0,0.0
842aa6bffffffff,8.0,8.0,0.0
842aa81ffffffff,52.0,4.0,0.0
842aa83ffffffff,12.0,3.0,0.0
842aa85ffffffff,97.0,3.0,0.0
842aa87ffffffff,13.0,4.0,0.0
842aa89ffffffff,66.0,5.0,0.0
842aa8bffffffff,6.0,0.0,0.0
842aa8dffffffff,224.0,12.0,0.0
842aa95ffffffff,20.0,4.0,0.0
842aa99ffffffff,6.0,0.0,0.0
842aa9bffffffff,2.0,0.0,0.0
842aa9dffffffff,3.0,0.0,0.0
842aaa7ffffffff,3.0,0.0,0.0
842aaa9ffffffff,54.0,8.0,0.0
842aaabffffffff,1.0,0.0,0.0
842aab1ffffffff,2.0,0.0,0.0
842aab9ffffffff,2.0,0.0,0.0
842aac1ffffffff,51.0,0.0,0.0
842aac3ffffffff,9.0,0.0,0.0
842aac5ffffffff,6.0,0.0,0.0
842aac7ffffffff,9.0,0.0,0.0
842aac9ffffffff,7579.0,0.0,0.0
842aacbffffffff,701.0,5.0,0.0
842aacdffffffff,10.0,7.0,0.0
842aad1ffffffff,37.0,27.0,0.0
842aad3ffffffff,15.0,15.0,0.0
842aad5ffffffff,31.0,13.0,0.0
842aad9ffffffff,4.0,2.0,0.0
842aaddffffffff,20.0,14.0,0.0
842aae1ffffffff,1.0,0.0,0.0
842aae3ffffffff,75.0,0.0,0.0
842aae5ffffffff,1.0,0.0,0.0
842aae7ffffffff,11.0,0.0,0.0
842aae9ffffffff,4.0,2.0,0.0
842aaebffffffff,4.0,0.0,0.0
842aaedffffffff,19.0,0.0,0.0
842ab05ffffffff,143.0,133.0,0.0
842ab09ffffffff,26.0,26.0,0.0
842ab0dffffffff,21.0,11.0,0.0
842ab13ffffffff,1.0,0.0,0.0
842ab19ffffffff,4.0,0.0,0.0
842ab1bffffffff,2.0,0.0,0.0
842ab21ffffffff,143.0,40.0,0.0
842ab23ffffffff,156.0,147.0,0.0
842ab25ffffffff,477.0,0.0,0.0
842ab27ffffffff,25.0,0.0,0.0
842ab29ffffffff,31.0,22.0,0.0
842ab2bffffffff,580.0,579.0,0.0
842ab2dffffffff,603.0,0.0,0.0
842ab41ffffffff,7.0,6.0,0.0
842ab43ffffffff,57.0,56.0,0.0
842ab45ffffffff,6.0,6.0,0.0
842ab47ffffffff,9.0,7.0,0.0
842ab49ffffffff,1221.0,1210.0,0.0
842ab4bffffffff,87.0,66.0,0.0
842ab4dffffffff,7.0,7.0,0.0
842ab51ffffffff,8.0,8.0,0.0
842ab55ffffffff,485.0,452.0,0.0
842ab57ffffffff,5.0,0.0,0.0
842ab5dffffffff,33.0,28.0,0.0
842ab61ffffffff,9.0,2.0,0.0
842ab63ffffffff,14.0,14.0,0.0
842ab65ffffffff,16.0,0.0,0.0
842ab67ffffffff,20.0,0.0,0.0
842ab69ffffffff,15.0,15.0,0.0
842ab6bffffffff,5.0,5.0,0.0
842ab6dffffffff,3.0,0.0,0.0
842ad15ffffffff,1.0,0.0,0.0
842ad6bffffffff,2.0,0.0,0.0
842ad6dffffffff,5.0,0.0,0.0
842af63ffffffff,11.0,0.0,0.0
842af69ffffffff,3.0,0.0,0.0
842af6bffffffff,1.0,0.0,0.0
842af6dffffffff,1.0,0.0,0.0
842b001ffffffff,1.0,0.0,0.0
842b003ffffffff,4.0,0.0,0.0
842b007ffffffff,3.0,0.0,0.0
842b013ffffffff,22.0,0.0,0.0
842b017ffffffff,6.0,0.0,0.0
842b02bffffffff,5.0,0.0,0.0
842b03bffffffff,3.0,0.0,0.0
842b03dffffffff,2.0,0.0,0.0
842b0a1ffffffff,4.0,0.0,0.0
842b0a5ffffffff,2.0,0.0,0.0
842b0c5ffffffff,2.0,0.0,0.0
842b0e1ffffffff,3.0,0.0,0.0
842b103ffffffff,3.0,0.0,0.0
842b105ffffffff,3.0,0.0,0.0
842b121ffffffff,2.0,0.0,0.0
842b129ffffffff,1.0,0.0,0.0
842b12bffffffff,14.0,0.0,0.0
842b12dffffffff,54.0,0.0,0.0
842b14dffffffff,1.0,0.0,0.0
842b161ffffffff,17.0,0.0,0.0
842b167ffffffff,37.0,0.0,0.0
842b181ffffffff,1.0,0.0,0.0
842b187ffffffff,6.0,0.0,0.0
842b189ffffffff,2.0,0.0,0.0
842b199ffffffff,4.0,0.0,0.0
842b1a1ffffffff,2.0,0.0,0.0
842b1a5ffffffff,19.0,0.0,0.0
842b1a7ffffffff,1.0,0.0,0.0
842b1a9ffffffff,8.0,0.0,0.0
842b235ffffffff,15.0,0.0,0.0
842b23dffffffff,6.0,0.0,0.0
842b24bffffffff,18.0,0.0,0.0
842b2c5ffffffff,4.0,0.0,0.0
842b2e1ffffffff,3.0,0.0,0.0
842b301ffffffff,6.0,0.0,0.0
842b303ffffffff,17.0,0.0,0.0
842b315ffffffff,32.0,0.0,0.0
842b339ffffffff,6.0,0.0,0.0
842b33bffffffff,4.0,0.0,0.0
842b811ffffffff,3.0,3.0,0.0
842b813ffffffff,2.0,2.0,0.0
842b817ffffffff,21.0,21.0,0.0
842b81bffffffff,11.0,0.0,0.0
842b831ffffffff,13.0,5.0,0.0
842b833ffffffff,39.0,39.0,0.0
842b835ffffffff,7.0,0.0,0.0
842b83bffffffff,35.0,4.0,0.0
842b883ffffffff,34.0,0.0,0.0
842b889ffffffff,3.0,3.0,0.0
842b891ffffffff,166.0,0.0,0.0
842b893ffffffff,74.0,0.0,0.0
842b895ffffffff,32.0,0.0,0.0
842b897ffffffff,9.0,0.0,0.0
842b899ffffffff,44.0,0.0,0.0
842b89bffffffff,4.0,0.0,0.0
842b89dffffffff,15.0,0.0,0.0
842b8a7ffffffff,3.0,0.0,0.0
842b8adffffffff,76.0,76.0,0.0
842b8b9ffffffff,33.0,0.0,0.0
842b8c9ffffffff,7.0,0.0,0.0
842b8cbffffffff,30.0,3.0,0.0
842b8d1ffffffff,18.0,0.0,0.0
842b8d5ffffffff,6.0,0.0,0.0
842b8d7ffffffff,26.0,0.0,0.0
842b8dbffffffff,2.0,0.0,0.0
842b8ddffffffff,14.0,0.0,0.0
842b8e1ffffffff,12.0,6.0,0.0
842b8e5ffffffff,114.0,32.0,0.0
842b8e7ffffffff,105.0,37.0,0.0
842b8e9ffffffff,13.0,13.0,0.0
842b8edffffffff,4.0,0.0,0.0
842b903ffffffff,2.0,0.0,0.0
842b909ffffffff,118.0,0.0,0.0
842b90dffffffff,6.0,0.0,0.0
842b93dffffffff,22.0,0.0,0.0
842b947ffffffff,8.0,0.0,0.0
842b981ffffffff,23.0,20.0,0.0
842b983ffffffff,25.0,25.0,0.0
842b985ffffffff,8.0,6.0,0.0
842b989ffffffff,3.0,3.0,0.0
842b98bffffffff,467.0,436.0,0.0
842b98dffffffff,15.0,2.0,0.0
842b991ffffffff,3.0,0.0,0.0
842b997ffffffff,3.0,0.0,0.0
842b999ffffffff,53.0,47.0,0.0
842b99dffffffff,13.0,13.0,0.0
842b9a3ffffffff,6.0,4.0,0.0
842b9a7ffffffff,3.0,3.0,0.0
842b9a9ffffffff,7.0,7.0,0.0
842b9abffffffff,9.0,9.0,0.0
842b9adffffffff,3.0,3.0,0.0
842b9b1ffffffff,20.0,19.0,0.0
842b9b3ffffffff,121.0,121.0,0.0
842b9b5ffffffff,163.0,149.0,0.0
842b9b7ffffffff,21.0,19.0,0.0
842b9bbffffffff,14.0,7.0,0.0
842b9bdffffffff,398.0,348.0,0.0
842b9c1ffffffff,2.0,0.0,0.0
842b9c5ffffffff,6.0,0.0,0.0
842b9c7ffffffff,4.0,0.0,0.0
842b9cdffffffff,20.0,2.0,0.0
842b9d1ffffffff,16.0,14.0,0.0
842b9d3ffffffff,329.0,252.0,0.0
842b9d5ffffffff,4.0,4.0,0.0
842b9d7ffffffff,130.0,109.0,0.0
842b9d9ffffffff,7.0,4.0,0.0
842b9dbffffffff,1407.0,1110.0,0.0
842b9e3ffffffff,3.0,1.0,0.0
842ba01ffffffff,13.0,0.0,0.0
842ba09ffffffff,2.0,0.0,0.0
842ba0bffffffff,69.0,1.0,0.0
842ba0dffffffff,1.0,0.0,0.0
842ba51ffffffff,368.0,0.0,0.0
842ba55ffffffff,39.0,0.0,0.0
842ba57ffffffff,27.0,0.0,0.0
842ba5bffffffff,4.0,0.0,0.0
842ba85ffffffff,121.0,121.0,0.0
842ba87ffffffff,59.0,38.0,0.0
842ba95ffffffff,5.0,0.0,0.0
842ba97ffffffff,6.0,0.0,0.0
842ba99ffffffff,1.0,0.0,0.0
842ba9bffffffff,5.0,0.0,0.0
842baa3ffffffff,4.0,0.0,0.0
842baa5ffffffff,71.0,1.0,0.0
842baa7ffffffff,13.0,0.0,0.0
842bab1ffffffff,1.0,0.0,0.0
842bab5ffffffff,13.0,0.0,0.0
842bab7ffffffff,10.0,4.0,0.0
842babbffffffff,4.0,4.0,0.0
842bac3ffffffff,7.0,0.0,0.0
842bb27ffffffff,12.0,0.0,0.0
842bb37ffffffff,60.0,0.0,0.0
8444125ffffffff,7.0,3.0,0.0
8444131ffffffff,2.0,0.0,0.0
8444137ffffffff,2.0,2.0,0.0
8444165ffffffff,3.0,0.0,0.0
844416bffffffff,1.0,0.0,0.0
84441a1ffffffff,38.0,36.0,0.0
84441a5ffffffff,4.0,1.0,0.0
84441a7ffffffff,4.0,2.0,0.0
84441abffffffff,18.0,11.0,0.0
84441adffffffff,3.0,0.0,0.0
84441e3ffffffff,3.0,3.0,0.0
8444401ffffffff,2.0,0.0,0.0
8444409ffffffff,1.0,0.0,0.0
8444417ffffffff,1.0,0.0,0.0
8444429ffffffff,5.0,0.0,0.0
8444431ffffffff,1.0,0.0,0.0
8444439ffffffff,1.0,0.0,0.0
8444443ffffffff,1.0,0.0,0.0
8444455ffffffff,2.0,0.0,0.0
8444457ffffffff,1.0,0.0,0.0
8444459ffffffff,4.0,0.0,0.0
844445bffffffff,1.0,0.0,0.0
844445dffffffff,1.0,0.0,0.0
8444465ffffffff,2.0,0.0,0.0
844446dffffffff,3.0,0.0,0.0
8444481ffffffff,2.0,0.0,0.0
8444491ffffffff,2.0,0.0,0.0
8444499ffffffff,1.0,0.0,0.0
84444b1ffffffff,4.0,0.0,0.0
84444b7ffffffff,1.0,0.0,0.0
84444c1ffffffff,2.0,0.0,0.0
84444c3ffffffff,1.0,0.0,0.0
84444c5ffffffff,4.0,0.0,0.0
84444c7ffffffff,2.0,0.0,0.0
84444cdffffffff,2.0,0.0,0.0
844450dffffffff,1.0,0.0,0.0
8444597ffffffff,2.0,0.0,0.0
84445c1ffffffff,1.0,0.0,0.0
84445d9ffffffff,2.0,0.0,0.0
8444633ffffffff,2.0,0.0,0.0
8444689ffffffff,1.0,0.0,0.0
84446a5ffffffff,1.0,0.0,0.0
84446c3ffffffff,8.0,0.0,0.0
84446c5ffffffff,1.0,0.0,0.0
84446c9ffffffff,2.0,0.0,0.0
84446cbffffffff,1.0,0.0,0.0
84446d5ffffffff,1.0,1.0,0.0
8444a11ffffffff,3.0,3.0,0.0
8444a19ffffffff,20.0,13.0,0.0
8444a1bffffffff,1.0,0.0,0.0
8444a53ffffffff,12.0,5.0,0.0
8444a83ffffffff,1.0,0.0,0.0
8444a8bffffffff,2.0,2.0,0.0
8444a8dffffffff,1.0,1.0,0.0
8444a91ffffffff,2.0,2.0,0.0
8444a93ffffffff,2.0,2.0,0.0
8444a95ffffffff,1.0,0.0,0.0
8444a9bffffffff,9.0,8.0,0.0
8444a9dffffffff,8.0,8.0,0.0
8444abbffffffff,2.0,1.0,0.0
8444ac1ffffffff,2.0,0.0,0.0
8444ad3ffffffff,2.0,0.0,0.0
8444ad9ffffffff,2.0,2.0,0.0
8444c0bffffffff,1.0,0.0,0.0
8444c13ffffffff,4.0,0.0,0.0
8444c19ffffffff,1.0,1.0,0.0
8444c25ffffffff,1.0,0.0,0.0
8444c27ffffffff,1.0,0.0,0.0
8444c87ffffffff,1.0,0.0,0.0
8444c8bffffffff,3.0,0.0,0.0
8444c99ffffffff,1.0,0.0,0.0
8444c9bffffffff,2.0,0.0,0.0
8444ca3ffffffff,2.0,0.0,0.0
8444cabffffffff,2.0,2.0,0.0
8444cb3ffffffff,1.0,0.0,0.0
8444cbdffffffff,1.0,0.0,0.0
8444ccdffffffff,1.0,0.0,0.0
8444cd1ffffffff,2.0,0.0,0.0
8444cd5ffffffff,1.0,0.0,0.0
8444cd9ffffffff,1.0,0.0,0.0
8444d01ffffffff,4.0,0.0,0.0
8444d07ffffffff,2.0,0.0,0.0
8444d0bffffffff,1.0,0.0,0.0
8444d55ffffffff,2.0,2.0,0.0
8444d5dffffffff,2.0,0.0,0.0
8444d87ffffffff,1.0,0.0,0.0
8444dd5ffffffff,6.0,2.0,0.0
8444de1ffffffff,1.0,0.0,0.0
8444e03ffffffff,2.0,0.0,0.0
8444e33ffffffff,2.0,0.0,0.0
8444e47ffffffff,2.0,0.0,0.0
8444e91ffffffff,2.0,0.0,0.0
8444ee5ffffffff,8.0,0.0,0.0
8444f01ffffffff,23.0,23.0,0.0
8444f05ffffffff,115.0,114.0,0.0
8444f07ffffffff,112.0,112.0,0.0
8444f09ffffffff,2.0,2.0,0.0
8444f0bffffffff,2.0,2.0,0.0
8444f41ffffffff,1.0,1.0,0.0
8444f43ffffffff,13.0,0.0,0.0
8444f4dffffffff,7.0,5.0,0.0
8444f51ffffffff,2.0,2.0,0.0
8444f63ffffffff,2.0,0.0,0.0
8444f6dffffffff,1.0,1.0,0.0
8445087ffffffff,26.0,26.0,0.0
8445091ffffffff,19.0,19.0,0.0
8445095ffffffff,3.0,3.0,0.0
8445097ffffffff,10.0,10.0,0.0
844509bffffffff,139.0,139.0,0.0
84450a3ffffffff,14.0,14.0,0.0
84450abffffffff,5.0,5.0,0.0
84450b1ffffffff,73.0,73.0,0.0
84450b5ffffffff,3.0,3.0,0.0
84450d5ffffffff,8.0,8.0,0.0
844510dffffffff,1.0,0.0,0.0
84452a5ffffffff,6.0,0.0,0.0
84452e1ffffffff,4.0,0.0,0.0
84452e3ffffffff,16.0,0.0,0.0
8445721ffffffff,69.0,69.0,0.0
8445723ffffffff,4.0,4.0,0.0
8445727ffffffff,139.0,139.0,0.0
84464e1ffffffff,1.0,1.0,0.0
84464e3ffffffff,2.0,2.0,0.0
8448059ffffffff,2.0,0.0,0.0
844805bffffffff,4.0,0.0,0.0
8448233ffffffff,4.0,0.0,0.0
84482e5ffffffff,1.0,0.0,0.0
844854bffffffff,2.0,0.0,0.0
8448551ffffffff,1.0,0.0,0.0
84485a1ffffffff,2.0,0.0,0.0
84485bdffffffff,5.0,0.0,0.0
844880dffffffff,7.0,0.0,0.0
8448825ffffffff,1.0,0.0,0.0
8448835ffffffff,2.0,0.0,0.0
8448863ffffffff,5.0,0.0,0.0
84488b3ffffffff,2.0,0.0,0.0
84488bbffffffff,1.0,0.0,0.0
8448903ffffffff,7.0,0.0,0.0
844890bffffffff,6.0,2.0,0.0
8448923ffffffff,2.0,0.0,0.0
8448951ffffffff,2.0,0.0,0.0
8448955ffffffff,1.0,0.0,0.0
8448957ffffffff,1.0,0.0,0.0
8448959ffffffff,2.0,0.0,0.0
8448985ffffffff,1.0,0.0,0.0
844899bffffffff,4.0,0.0,0.0
84489b9ffffffff,2.0,0.0,0.0
84489d9ffffffff,2.0,0.0,0.0
84489e1ffffffff,2.0,0.0,0.0
84489e3ffffffff,2.0,2.0,0.0
84489e9ffffffff,1.0,0.0,0.0
8448a27ffffffff,7.0,7.0,0.0
8448ab3ffffffff,5.0,0.0,0.0
8448ab7ffffffff,2.0,2.0,0.0
8448b13ffffffff,4.0,0.0,0.0
8448b15ffffffff,8.0,5.0,0.0
8448b1bffffffff,8.0,8.0,0.0
8448b1dffffffff,15.0,15.0,0.0
8448b39ffffffff,6.0,0.0,0.0
8448b3bffffffff,2.0,0.0,0.0
8448c05ffffffff,6.0,0.0,0.0
8448c09ffffffff,3.0,0.0,0.0
8448c0bffffffff,8.0,0.0,0.0
8448c19ffffffff,12.0,0.0,0.0
8448c35ffffffff,2.0,0.0,0.0
8448c59ffffffff,12.0,4.0,0.0
8448c61ffffffff,20.0,0.0,0.0
8448c6dffffffff,17.0,0.0,0.0
8448cd3ffffffff,108.0,0.0,0.0
8448cd9ffffffff,2.0,0.0,0.0
8448cdbffffffff,3.0,0.0,0.0
8448d33ffffffff,22.0,0.0,0.0
8448d37ffffffff,6.0,0.0,0.0
8448d43ffffffff,2.0,0.0,0.0
8448d4bffffffff,1.0,0.0,0.0
8448d89ffffffff,16.0,0.0,0.0
8448de5ffffffff,12.0,0.0,0.0
8448de7ffffffff,2.0,0.0,0.0
8448e57ffffffff,3.0,0.0,0.0
8448e81ffffffff,8.0,3.0,0.0
8448e85ffffffff,483.0,139.0,0.0
8448e87ffffffff,8.0,8.0,0.0
8448e8dffffffff,64.0,51.0,0.0
8448e99ffffffff,3.0,3.0,0.0
8448ea1ffffffff,4.0,0.0,0.0
8448ea5ffffffff,3.0,0.0,0.0
8448eb1ffffffff,8.0,0.0,0.0
8448eb3ffffffff,2.0,0.0,0.0
8448eb5ffffffff,2.0,0.0,0.0
8448eb7ffffffff,5.0,0.0,0.0
8448ebdffffffff,4.0,0.0,0.0
8448ec5ffffffff,1.0,0.0,0.0
8448ec7ffffffff,6.0,3.0,0.0
8448ed3ffffffff,15.0,15.0,0.0
8448ee3ffffffff,15.0,2.0,0.0
8448eebffffffff,7.0,3.0,0.0
8448f25ffffffff,2.0,0.0,0.0
8448f2bffffffff,16.0,0.0,0.0
844990dffffffff,3.0,3.0,0.0
8449943ffffffff,2.0,0.0,0.0
844994bffffffff,4.0,0.0,0.0
8449951ffffffff,12.0,7.0,0.0
8449959ffffffff,26.0,4.0,0.0
844995bffffffff,41.0,1.0,0.0
8449961ffffffff,2.0,0.0,0.0
8449963ffffffff,7.0,0.0,0.0
8449965ffffffff,1.0,0.0,0.0
8449967ffffffff,6.0,0.0,0.0
844996dffffffff,6.0,0.0,0.0
8449a21ffffffff,2.0,0.0,2.0
8449a2bffffffff,1.0,0.0,1.0
8449b33ffffffff,3.0,0.0,0.0
8449b37ffffffff,2.0,0.0,0.0
845d103ffffffff,9.0,0.0,0.0
845d115ffffffff,2.0,0.0,0.0
845d16bffffffff,1.0,0.0,0.0
846d045ffffffff,1.0,0.0,0.0
846d159ffffffff,2.0,0.0,2.0
846d15dffffffff,2.0,0.0,2.0
846d30dffffffff,2.0,2.0,0.0
846d311ffffffff,7.0,0.0,0.0
846d313ffffffff,8.0,0.0,0.0
846d319ffffffff,2.0,0.0,0.0
846d32bffffffff,4.0,0.0,0.0
846d341ffffffff,2.0,2.0,0.0
